store_name,product_name,date,price
"Safeway","g biscuit sndwch",2025-05-19,8.49
"Safeway","g biscuit sndwch",2025-07-14,8.49
"Safeway","g biscuit sndwch",2025-08-06,8.49
"Safeway","g biscuit sndwch",2025-08-14,8.49
"Safeway","g biscuit sndwch",2025-08-26,8.49
"Safeway","g biscuit sndwch",2025-09-03,8.49
"Safeway","g biscuit sndwch",2025-10-09,7.29
"Safeway","luc greek yogurt",2025-03-06,4.29
"Safeway","luc greek yogurt",2025-05-19,4.29
"Safeway","luc greek yogurt",2025-07-14,4.29
"Safeway","luc greek yogurt",2025-07-31,4.29
"Safeway","luc greek yogurt",2025-08-26,4.29
"Safeway","luc greek yogurt",2025-11-05,4.29
"Safeway","luc greek yogurt",2025-11-18,4.29
"Safeway","luc greek yogurt",2025-12-10,4.29
"","mact baguette f ",,6.99
"","qfc milk f",,2.79
"","stcy smply naked qi f <",,4.49
"","qfc savings  =",,0.5
"","qfc savings  =",,2.22
"","qfc savings  =",,0.31
"","gm cinn tst crnch qa",,5.49
"","scqf savings ae ",,1.5
"","stvip stuffing mixqa f =",,1.77
"","sc qfc savings —- ",,1.5
"","pillsbury crescentqa f",,2.99
"","sc qfe savings",,1.5
"","sc qfe savings",,8.47
"","sc qfe savings",,1.5
"","sc qfe savings",,11.52
"","prs cherry berry f",,14.99
"","chkn breast qa",,8.47
"Safeway","ib /ib",2025-12-16,2.49
"Safeway","ib /ib",2025-12-16,1.99
"","ib /ib",,4.49
"","ib /ib",,1.29
"","dk cage free eggs f ",,4.29
"","ocn spry crnbry scqa",,2.99
"","wt squash bitrnut f |",,4.9
"","ib /ib |",,2.49
"","m72 9s) ib /1b",,1.29
"","wt cabbage green qa = f ",,2.01
"","garlic f",,3.75
"TraderJoes","butter chicken w/basmati",2025-10-22,3.58
"TraderJoes","butter chicken w/basmati",,8.98
"TraderJoes","graham cr “er square",2025-10-22,3.49
"TraderJoes","cornbreal =x",2025-10-22,2.99
"TraderJoes","beef bruguult entree",2025-10-22,7.99
"TraderJoes","mandarin orange chicken",2025-10-22,5.49
"TraderJoes","italian style turkey mea v",2025-10-22,8.99
"TraderJoes","italian style turkey mea v",,8.99
"TraderJoes","hol bread maple streusel",2025-10-22,4.49
"TraderJoes","r-salag complete avocado",2025-09-04,3.99
"TraderJoes","r-salag complete avocado",2025-10-22,3.33
"TraderJoes","one tree rotating cider",2025-11-26,3.25
"TraderJoes","t sea pine brewing seaoson",2025-11-26,12.54
"TraderJoes","hele",2025-11-26,2.09
"TraderJoes","op bol ian sie ae iim",2025-11-26,0.05
"TraderJoes","hol cornbread stuffing",2025-11-26,4.99
"TraderJoes","salad complete avocado jaa",2025-10-02,3.99
"TraderJoes","salad complete avocado jaa",2025-11-26,3.99
"TraderJoes","t virgil's root beer 4 pk",2025-11-26,6.29
"TraderJoes","uat brown shue [ie",2025-11-26,1.99
"TraderJoes","dip cheesy garlic astago [ie",2025-11-26,4.99
"Costco","e 1954864 gzerovty120z f",2025-12-13,16.99
"Costco","e 1790697 amer rtbeer f",2025-12-13,10.59
"Costco","e 1846700 baken tarts",2025-12-13,11.49
"Costco","e 7 1846700 | -",2025-12-13,2.8
"Costco","plaque 8pk/",2025-12-13,64.99
"Costco","brushhears -a",2025-12-13,15.0
"Costco","e 40506 mac chpese",2025-12-13,14.88
"Costco","cooked drums",2025-12-13,18.85
"Costco","cooked /drums a |",2025-12-13,15.39
"Costco","amount",2025-12-13,148.43
"Costco","an savings 5 ",2025-12-13,17.8
"TraderJoes","milk gallon low fat 2",2025-10-02,3.99
"TraderJoes","op gallua lua pag",2025-10-02,3.99
"TraderJoes","ghosteish brewing co lu",2025-10-02,15.0
"TraderJoes","top aon ae",2025-10-02,0.01
"TraderJoes","chicken pot pie |",2025-10-02,8.99
"TraderJoes","chicken pot pie |",,3.99
"TraderJoes","burrito breakfast chicke",2025-10-02,4.44
"TraderJoes","creamer gat brown lugar —e",2025-10-02,1.99
"TraderJoes","talian style turkey nea ieee",2025-10-02,0.99
"TraderJoes","meat lasagna",2025-10-02,7.99
"Safeway","peets cof major",2025-07-18,17.99
"Safeway","peets cof major",2025-08-14,17.99
"Safeway","sig whl strawberry",2025-07-18,4.79
"Safeway","sig triple berry",2025-02-26,14.99
"Safeway","sig triple berry",2025-03-13,14.99
"Safeway","sig triple berry",2025-07-18,15.99
"Safeway","sig triple berry",2025-09-03,16.99
"Safeway","sig triple berry",2025-09-16,15.99
"Safeway","sig triple berry",2025-10-07,15.99
"Safeway","sig triple berry",2025-10-22,16.99
"Safeway","sig triple berry",2025-11-18,15.99
"Safeway","sig triple berry",2025-12-16,15.99
"Safeway","sig biscuit sandwc 6",2025-07-18,68.49
"Safeway","sig biscuit sandwc 6",2025-09-07,8.49
"Safeway","luc greek yogurt 20 '",2025-07-18,4.29
"Safeway","darigold 2 milk",2022-05-22,4.39
"Safeway","darigold 2 milk",2025-04-01,10.98
"Safeway","darigold 2 milk",2025-07-18,5.49
"Safeway","darigold 2 milk",2025-08-06,5.49
"Safeway","darigold 2 milk",2025-09-03,5.49
"Safeway","darigold 2 milk",2025-09-16,10.98
"Safeway","darigold 2 milk",2025-10-07,5.49
"Safeway","darigold 2 milk",2025-10-14,5.49
"Safeway","darigold 2 milk",2025-12-16,5.49
"Safeway","tlmk chdr cheese",2025-07-18,4.99
"Safeway","tlmk chdr cheese",2025-10-07,4.79
"Safeway","tlmk chdr cheese",2025-10-14,4.99
"Safeway","tlmk chdr cheese",2025-12-22,4.99
"Costco","charminkx",2025-04-07,30.89
"Costco","milk",2025-04-07,6.17
"Costco","ks towel",2025-04-07,20.49
"Costco","ks towel",2025-08-16,20.49
"Costco","ks guac",2025-04-07,12.99
"Costco","greek yogurt",2025-04-07,6.79
"Costco","ks brkfstsnd",2025-04-07,16.49
"Costco","ks brkfstsnd",2025-04-22,16.49
"Costco","ks brkfstsnd",2025-10-26,16.49
"Costco","s 1019593 ks 3 berry",2025-04-07,10.89
"Costco","ks chkn fill",2025-04-07,13.99
"Costco","ks chkn fill",2025-04-22,13.99
"Costco","ks chkn fill",2025-10-26,13.99
"Costco","s 3669 banfinas",2025-04-07,1.99
"Costco","hbo w/ailmnds",2025-04-07,7.89
"Costco","f 13601) mandarins",2025-04-07,7.99
"Costco","ks fr 2dz",2025-04-07,7.69
"Costco","shepherdspie",2025-04-07,20.43
"Costco","org broc 2lb",2025-04-07,6.99
"Costco","plagli",2025-04-07,64.99
"Costco","org spinach",2025-04-07,4.99
"Costco","org spinach",2025-04-22,4.99
"Costco","choc’ chunk",2025-04-07,9.99
"Costco","rotisserie",2025-04-07,4.99
"Costco","rotisserie",2025-04-22,4.99
"Costco","rotisserie",2025-08-16,4.99
"Costco","e 1503825 oat milk",2025-04-07,15.69
"Safeway","nerber savings -",2025-02-26,0.8
"Safeway","nerber savings -",2025-08-14,0.32
"Safeway","nerber savings -",2025-08-14,0.3
"Safeway","nerber savings -",2025-08-26,4.62
"Safeway","nerber savings -",2025-09-16,1.0
"Safeway","nerber savings -",2025-10-07,0.19
"Safeway","nerber savings -",2025-11-05,1.0
"Safeway","nerber savings -",2025-11-18,1.59
"Safeway","nerber savings -",2025-12-08,0.5
"Safeway","nerber savings -",2025-12-11,0.62
"Safeway","nerber savings -",2025-12-22,0.92
"Safeway","nerber savings -",2025-12-22,0.5
"Safeway","gr beef 937 leon",2025-12-22,9.56
"Safeway","member savings -",2022-05-22,1.5
"Safeway","member savings -",2025-02-26,1.5
"Safeway","member savings -",2025-02-26,1.0
"Safeway","member savings -",2025-02-26,0.94
"Safeway","member savings -",2025-02-26,4.24
"Safeway","member savings -",2025-03-06,1.48
"Safeway","member savings -",2025-03-11,0.49
"Safeway","member savings -",2025-03-11,2.22
"Safeway","member savings -",2025-03-11,1.0
"Safeway","member savings -",2025-03-11,0.5
"Safeway","member savings -",2025-03-13,11.39
"Safeway","member savings -",2025-03-13,0.5
"Safeway","member savings -",2025-03-27,7.0
"Safeway","member savings -",2025-04-01,0.32
"Safeway","member savings -",2025-04-01,0.8
"Safeway","member savings -",2025-04-01,0.5
"Safeway","member savings -",2025-05-05,1.5
"Safeway","member savings -",2025-05-05,0.99
"Safeway","member savings -",2025-07-14,0.6
"Safeway","member savings -",2025-07-14,1.0
"Safeway","member savings -",2025-08-06,6.0
"Safeway","member savings -",2025-08-06,0.5
"Safeway","member savings -",2025-08-14,0.59
"Safeway","member savings -",2025-08-14,0.62
"Safeway","member savings -",2025-09-03,0.8
"Safeway","member savings -",2025-09-07,0.5
"Safeway","member savings -",2025-09-16,1.3
"Safeway","member savings -",2025-10-07,1.24
"Safeway","member savings -",2025-10-07,3.5
"Safeway","member savings -",2025-10-07,0.2
"Safeway","member savings -",2025-10-07,2.49
"Safeway","member savings -",2025-10-09,23.99
"Safeway","member savings -",2025-10-14,0.49
"Safeway","member savings -",2025-10-14,0.62
"Safeway","member savings -",2025-10-20,1.87
"Safeway","member savings -",2025-11-18,0.5
"Safeway","member savings -",2025-12-08,0.59
"Safeway","member savings -",2025-12-08,0.8
"Safeway","member savings -",2025-12-11,0.7
"Safeway","member savings -",2025-12-16,0.49
"Safeway","member savings -",2025-12-22,1.44
"Safeway","member savings -",2025-12-23,1.0
"Safeway","tf sunflower crnch",2025-10-20,4.99
"Safeway","tf sunflower crnch",2025-12-22,4.99
"Safeway","wt |b /ib",2025-07-14,0.74
"Safeway","wt |b /ib",2025-08-06,1.29
"Safeway","wt |b /ib",2025-08-06,0.74
"Safeway","wt |b /ib",2025-08-14,1.69
"Safeway","wt |b /ib",2025-08-21,1.69
"Safeway","wt |b /ib",2025-08-21,1.69
"Safeway","wt |b /ib",2025-08-26,0.75
"Safeway","wt |b /ib",2025-09-16,0.75
"Safeway","wt |b /ib",2025-10-20,1.69
"Safeway","wt |b /ib",2025-11-18,0.75
"Safeway","wt |b /ib",2025-12-03,0.75
"Safeway","wt |b /ib",2025-12-22,1.99
"Safeway","wt ib /ib",2025-04-01,2.79
"Safeway","wt ib /ib",2025-04-01,2.49
"Safeway","wt ib /ib",2025-04-01,0.69
"SafewayTwo","wt ib /ib",2025-06-24,0.74
"Safeway","wt ib /ib",2025-07-14,2.49
"Safeway","wt ib /ib",2025-08-21,1.29
"Safeway","wt ib /ib",2025-08-26,2.49
"Safeway","wt ib /ib",2025-09-03,0.75
"Safeway","wt ib /ib",2025-10-07,611.49
"Safeway","wt ib /ib",2025-10-07,1.69
"Safeway","wt ib /ib",2025-10-07,0.75
"Safeway","wt ib /ib",2025-10-14,0.75
"Safeway","wt ib /ib",2025-10-14,2.49
"Safeway","wt ib /ib",2025-10-14,0.99
"Safeway","wt ib /ib",2025-10-14,0.99
"Safeway","wt ib /ib",2025-11-05,0.75
"Safeway","wt ib /ib",2025-11-18,1.49
"Safeway","wt ib /ib",2025-11-18,0.99
"Safeway","wt ib /ib",2025-12-03,1.48
"Safeway","wt ib /ib",2025-12-03,1.99
"Safeway","wt ib /ib",2025-12-03,1.99
"Safeway","wt ib /ib",2025-12-08,1.49
"Safeway","wt ib /ib",2025-12-08,0.75
"Safeway","wt ib /ib",2025-12-11,1.69
"Safeway","wt ib /ib",2025-12-22,0.75
"Safeway","org baby spinach",2025-03-11,3.99
"SafewayTwo","org baby spinach",2025-06-24,6.99
"Safeway","org baby spinach",2025-08-20,6.99
"Safeway","org baby spinach",2025-09-07,6.99
"Safeway","org baby spinach",2025-09-16,6.99
"Safeway","org baby spinach",2025-10-09,6.99
"Safeway","org baby spinach",2025-11-18,6.99
"Safeway","org baby spinach",2025-12-08,3.99
"Safeway","org baby spinach",2025-12-22,6.99
"Safeway","brkfst burrito bs",2025-12-22,4.99
"Safeway","u savings",2025-02-26,8.17
"Safeway","u savings",2025-12-22,4.11
"RedApple","ea s10598 =f",2025-04-17,5.49
"RedApple","jd sec sand",2025-03-18,8.39
"RedApple","jd sec sand",2025-03-24,8.39
"RedApple","jd sec sand",2025-04-17,9.69
"RedApple","ib sime 8",2025-04-17,0.89
"RedApple","potato salad",2025-03-18,4.99
"RedApple","potato salad",2025-04-17,4.15
"RedApple","resers mac salad",2025-04-17,4.49
"Safeway","wldrnss pie fil",2025-12-23,8.66
"Safeway","herber savings - 3s",2025-12-23,1.0
"Safeway","jif crmy pnt bir 3795",2025-12-23,4.29
"Safeway","homber savings ~",2025-10-14,1.79
"Safeway","homber savings ~",2025-12-23,0.5
"Safeway","plsbry cinn rolls meio06 =6( 5",2025-12-23,13.95
"Safeway","sin cathe",2025-10-22,6.99
"Safeway","sig corn whole ker",2025-08-14,0.99
"Safeway","sig corn whole ker",2025-10-14,1.0
"Safeway","sig corn whole ker",2025-12-08,2.0
"Safeway","sig corn whole ker",2025-12-16,1.0
"Safeway","dm corn 249"",2025-10-14,1.87
"Safeway","hunts tomatoes",2025-04-01,1.67
"Safeway","hunts tomatoes",2025-10-07,3.34
"Safeway","hunts tomatoes",2025-10-14,1.67
"Safeway","heaber savings ~",2025-08-26,0.79
"Safeway","heaber savings ~",2025-10-14,0.62
"Safeway","heaber savings ~",2025-10-14,4.73
"Safeway","swan broth unsltd",2025-10-14,4.29
"Safeway","savings -",2025-10-14,0.5
"Safeway","savings -",2025-10-20,1.0
"Safeway","savings -",2025-12-03,1.19
"Safeway","savings -",2025-12-16,0.5
"Safeway","plsbry rib ckie 449",2025-10-14,3.79
"Safeway","horizon half/ half",2025-10-14,4.29
"Safeway","ckn thighs bnls",2025-10-14,14.14
"Safeway","sig gold potatoes",2025-02-26,3.99
"Safeway","sig gold potatoes",2025-08-26,3.99
"Safeway","sig gold potatoes",2025-10-14,3.99
"Safeway","sig bby carrot 1lb",2025-10-14,1.49
"Safeway","bananas yellow",2025-10-14,2.54
"Safeway","vellow onions leclio",2025-10-14,1.21
"Safeway","wt jb 149 /ib",2025-10-14,0.81
"Safeway","celery sticks",2025-10-14,1.2
"Safeway","yellow neck squash",2025-08-21,0.66
"Safeway","yellow neck squash",2025-10-07,1.05
"Safeway","yellow neck squash",2025-10-14,3.66
"Safeway","yellow neck squash",2025-11-18,1.0
"Safeway","member savings ~",2025-08-14,0.62
"Safeway","member savings ~",2025-09-16,2.0
"Safeway","member savings ~",2025-10-07,1.61
"Safeway","member savings ~",2025-10-14,1.64
"Safeway","member savings ~",2025-10-14,2.0
"Safeway","member savings ~",2025-12-16,0.49
"RedApple","strawberries 1lb",2025-03-18,5.99
"Safeway","strawberries 1lb",2025-09-16,2.99
"Safeway","strawberries 1lb",2025-09-24,4.99
"Safeway","strawberries 1lb",2025-10-07,4.99
"Safeway","strawberries 1lb",2025-10-14,4.99
"Safeway","cauliflower small",2025-10-14,1.98
"Safeway","s/w passion fruit",2025-09-16,4.99
"Safeway","kenber savings -",2025-09-16,0.5
"Safeway","kenber savings -",2025-10-20,1.96
"Safeway","kenber savings -",2025-11-18,0.6
"Safeway","dole fruit cups ) 3sages",2025-09-16,4.19
"Safeway","classico alfredo",2025-09-16,4.49
"Safeway","barilla linguine",2025-09-16,2.49
"Safeway","bulk dunut/waffle",2025-09-16,1.19
"Safeway","tf srt crn sld kit",2025-09-16,4.99
"Safeway","tf srt crn sld kit",2025-10-20,4.98
"Safeway","bananas green bee saic",2025-09-16,2.38
"SafewayTwo","ckn whole roasted",2025-06-24,9.99
"Safeway","ckn whole roasted",2025-09-16,9.99
"Safeway","breakfast burrito",2025-09-16,4.99
"Safeway","breakfast burrito",2025-10-20,4.99
"Safeway","peet’s coff frnch",2025-03-27,9.99
"Safeway","peet’s coff frnch",2025-08-06,9.99
"Safeway","ssg brkfst burrito o90 ",2025-03-27,232.99
"Safeway","herher savings ~",2025-12-03,0.1
"Safeway","neder savings “",2025-12-03,0.79
"Safeway","nember savings",2025-12-03,0.79
"Safeway","nember savings",2025-12-08,0.98
"Safeway","nerber savings ~",2025-12-03,2.0
"Safeway","lucerne hilk 2",2025-12-03,4.59
"Safeway","wt] ib /\b",2025-12-03,1.49
"Safeway","member savings - = | =",2025-12-03,0.4
"Safeway","brkfst burrito bcn",2025-03-11,3.99
"Safeway","brkfst burrito bcn",2025-12-03,4.99
"Safeway","brkfst burrito bcn",2025-12-08,4.99
"Safeway","rcycble bag charge )",2025-03-13,0.08
"Safeway","rcycble bag charge )",2025-06-24,0.1
"Safeway","rcycble bag charge )",2025-08-14,9.2
"Safeway","rcycble bag charge )",2025-12-03,0.9
"TraderJoes","milk organic gallon lom",2025-05-04,6.99
"TraderJoes","cajun chicken alfredo",2025-05-04,7.99
"TraderJoes","cajun chicken alfredo",2025-09-07,7.0
"TraderJoes","traditional meatloaf",2025-05-04,8.49
"TraderJoes","creamer oat brown sugar",2025-05-04,1.99
"TraderJoes","eggwiches turkey sausage",2025-05-04,5.49
"TraderJoes","belgian waffles",2025-05-04,1.99
"TraderJoes","berry blend organic mixe",2025-05-04,3.49
"TraderJoes","fancy berry medi-ey",2025-05-04,3.99
"Safeway","chicken broth",2025-12-08,4.98
"Safeway","kellogg ’s crackl",2025-09-07,68.49
"Safeway","kellogg ’s crackl",2025-12-08,8.49
"Safeway","pillsbury keady",2025-12-08,3.99
"Safeway","zucchini squash",2025-04-01,2.06
"Safeway","zucchini squash",2025-12-08,1.22
"Safeway","gold potatoes",2025-12-08,2.54
"Safeway","wt 15 ib /ih",2025-12-08,1.69
"Safeway","wt lb /ih",2025-12-08,1.99
"RedApple","usd dies",2025-08-12,107.33
"RedApple","lg aa eg tet ¥ ff",2025-08-12,10.98
"RedApple","rry ff",2025-08-12,14.15
"RedApple","nat owt cin f",2025-08-12,63.09
"RedApple","our savings today | ieee",2025-08-12,0.91
"RedApple","b your savings today |",2025-03-02,2.69
"RedApple","b your savings today |",2025-03-18,0.7
"RedApple","b your savings today |",2025-03-18,0.6
"RedApple","b your savings today |",2025-03-18,0.7
"RedApple","b your savings today |",2025-03-18,0.8
"RedApple","b your savings today |",2025-03-24,0.7
"RedApple","b your savings today |",2025-03-24,0.7
"RedApple","b your savings today |",2025-08-12,0.94
"RedApple","ib = / ih f",2025-08-12,1.36
"RedApple","for ae £ 's hee",2025-08-12,1.67
"RedApple","for a ee a tee",2025-08-12,5.0
"RedApple","your savings today beste",2025-03-02,0.69
"RedApple","your savings today beste",2025-08-12,1.32
"RedApple","your savings [oday",2025-08-12,1.32
"RedApple","q 8 99/ ib or bqe a f",2025-08-12,1.99
"RedApple","mushrooms sliced f ane",2025-08-12,3.49
"RedApple","ib — / ib f",2025-08-12,1.59
"RedApple","ib / |b f f",2025-08-12,0.5
"RedApple","ib 2997 ib",2025-08-12,0.93
"RedApple","f f",2025-08-12,0.9
"RedApple","otal",2025-08-12,106.19
"RedApple","tay",2025-08-12,1.14
"Safeway","aca ge regular pri",2025-06-24,1.99
"Safeway","sie spe ae regular price",2025-06-24,4.29
"Safeway","poled i usgl regular price",2025-06-24,24.99
"Safeway","lbm eg als regular price",2025-06-24,4.19
"Safeway","li 749 savinss -",2025-06-24,1.8
"Safeway","nh vit d 1 oooiu",2025-10-09,23.99
"Safeway","benefiber gummy 4g",2025-10-09,24.99
"Safeway","tf buff rnch salad",2025-10-09,4.99
"TraderJoes","chicken tikka masala",,4.49
"TraderJoes","beef broccoli entree",2025-07-16,7.45
"TraderJoes","beef broccoli entree",,7.4
"TraderJoes","ctnnamon crumb coffee",,3.49
"TraderJoes","pineapple chile spiced",,3.99
"Safeway","lacroix sparkling",2025-09-07,5.49
"Safeway","lucerne milk 2",2025-08-26,9.18
"Safeway","lucerne milk 2",2025-09-07,4.59
"Safeway","lucerne milk 2",2025-12-16,4.59
"Safeway","rsr egg potato sal",2025-09-07,10.99
"Safeway","hanber savings -",2025-09-07,3.0
"Safeway","hanber savings -",2025-10-20,0.7
"Safeway","hanber savings -",2025-12-11,1.0
"RedApple","bore) usd",2025-03-12,22.46
"RedApple","pil c/c strw",2025-03-12,4.69
"RedApple","sts smoothie kit aci",2025-03-12,12.19
"RedApple","usd",2025-03-02,138.37
"RedApple","for )",2025-03-02,2.0
"RedApple","cheese",2025-03-02,9.79
"RedApple","we 1 2 for",2025-03-02,5.0
"RedApple","we 1 2 for",2025-03-02,2.0
"RedApple","bene 28 ea se bi",2025-03-02,2.89
"RedApple","ae 2 q ea",2025-03-02,6.38
"RedApple","chorizo",2025-03-02,5.89
"RedApple","avocado hass jumbo",2025-03-02,4.99
"RedApple","ib ~~ / ib c1 eer",2025-03-02,0.89
"RedApple","ib 1°98/7 ib",2025-03-02,2.44
"RedApple","honey gold s tal",2025-03-02,4.99
"RedApple","for 4008",2025-03-02,4.0
"RedApple","ib f |",2025-03-02,1.94
"RedApple","resers potato salad",2025-03-02,4.49
"RedApple","whole chicken |",2025-03-02,10.99
"RedApple","whole chicken |",2025-03-18,10.99
"RedApple","whole chicken |",2025-03-24,10.99
"RedApple","lin ede",2025-03-02,1.14
"RedApple","you saved",2025-03-02,9.59
"RedApple","you saved",2025-03-18,2.8
"Safeway","mm kellogg’s cracklin",2025-02-26,8.49
"Safeway","mm kellogg’s cracklin",2025-10-07,8.49
"Safeway","my = ncrmck ssng hx bf",2025-02-26,2.49
"Safeway","grk ygrt plain",2025-02-26,4.29
"Safeway","bey = — pillsbury original",2025-02-26,3.79
"Safeway","s| gr beef 93 lean",2025-02-26,9.3
"Safeway","u store coupon -",2025-02-26,3.99
"Safeway","u store coupon -",2025-02-26,2.26
"Safeway","u store coupon -",2025-07-14,2.75
"Safeway","beef for stew",2025-02-26,5.25
"Safeway","beef for stew",2025-02-26,4.47
"Safeway","u store coupon ~",2025-02-26,1.92
"Safeway","stg brocoli floret",2025-02-26,3.69
"Safeway","owt 3 lb /ib",2025-02-26,0.69
"Safeway","sig green chiles",2025-08-14,2.0
"Safeway","bushs pinto beans",2025-08-14,2.29
"Safeway","bushs beans",2025-08-14,1.67
"Safeway","swanson ntri chkn",2025-03-11,5.29
"Safeway","swanson ntri chkn",2025-08-14,5.29
"Safeway","swnsn cooking stoc",2025-08-14,4.29
"Safeway","zoi grk ygrt non ©",2025-08-14,5.79
"Safeway","zoi grk ygrt non ©",2025-09-03,5.79
"Safeway","sig chicken thigh",2025-08-14,16.12
"Safeway","sig chicken thigh",2025-10-07,14.67
"Safeway","onions ylw sweet",2025-03-11,4.93
"Safeway","onions ylw sweet",2025-08-14,2.08
"RedApple","for 1508",2025-03-03,3.0
"TraderJoes","chicked pot pie",2025-09-07,8.99
"TraderJoes","hol petite pumpkin spice",2025-09-07,4.49
"TraderJoes","talian style turkey mea ‘",2025-09-07,3.99
"TraderJoes","r-salad complete sweet k",2025-09-07,3.99
"TraderJoes","r - salad complete sweet",2025-09-07,3.99
"TraderJoes","cold pressed probiotic j",2025-09-07,1.99
"TraderJoes","noch black sesame",2025-07-16,4.96
"TraderJoes","ke beverage oat original",2025-07-16,63.99
"TraderJoes","r-strawberries 1",2025-07-16,3.43
"Safeway","guerrero riquisina",2025-03-11,6.99
"Safeway","guerrero riquisina",2025-04-01,3.19
"Safeway","guerrero riquisina",2025-05-05,3.99
"Safeway","guerrero riquisina",2025-07-14,3.99
"Safeway","guerrero riquisina",2025-07-31,3.99
"Safeway","guerrero riquisina",2025-09-03,3.19
"Safeway","guerrero riquisina",2025-10-07,3.99
"Safeway","tillamook frms shr",2025-07-31,4.99
"Safeway","phillips mlk",2025-07-31,7.49
"Safeway","glorys tomatoes",2025-07-31,5.0
"Safeway","hesber savings -",2025-07-31,0.99
"Safeway","hesber savings -",2025-11-18,0.49
"Safeway","hesber savings -",2025-11-18,0.62
"Safeway","hesber savings -",2025-11-18,1.63
"Safeway","tay farms kale sld",2025-08-21,4.99
"Safeway","tay farms kale sld",2025-09-03,4.99
"TraderJoes","chili ground turkey",2025-09-04,2.64
"TraderJoes","urg tom rstd rd peppr",2025-09-04,3.49
"TraderJoes","meal squiggly noodles w1",2025-09-04,4.99
"TraderJoes","lentil rings sour cream",2025-09-04,1.99
"TraderJoes","furtkake snack mix",2025-09-04,3.99
"TraderJoes","sourdough bread",2025-09-04,3.49
"TraderJoes","nol cake pumpkin sheet m",2025-09-04,5.99
"TraderJoes","fried rice japchae |",2025-09-04,3.99
"TraderJoes","t bgt petite seasonal",2025-09-04,3.99
"RedApple","oatly milk",2025-03-18,6.79
"RedApple","cafe vly cnnmn crmb",2025-03-18,7.99
"RedApple","ib / |b go 23k",2025-03-18,0.89
"RedApple","coeds 3k",2025-03-18,3.99
"RedApple","for 5306 °f",2025-03-18,2.5
"RedApple","hny gld 1 bt",2025-03-18,4.99
"RedApple","bil eh",2025-03-18,0.7
"RedApple","dll",2025-03-18,0.79
"RedApple","dg 2 gal",2025-03-24,5.49
"RedApple","greek yogurt non fat",2025-03-24,6.39
"RedApple","fc fz berry medley "",2025-03-24,3.99
"RedApple","odole frt bwl",2025-03-24,4.29
"RedApple","fe ib / ib ",2025-03-24,2.28
"RedApple","super greens",2025-03-24,4.99
"RedApple","sade cos ror ssico",2025-05-20,3.98
"RedApple","user ets sss oe",2025-05-20,1.99
"RedApple","caesar salad",2025-05-20,4.99
"Safeway","sig frut cup mnorn",2025-10-07,3.0
"Safeway","captain crunch",2025-10-07,2.99
"Safeway","captain crunch",2025-12-16,4.99
"Safeway","mccrmick grnd cumn",2025-10-07,8.49
"Safeway","zplc sldr frzr gal |",2025-10-07,8.49
"Safeway","uc eggs large",2025-08-06,5.99
"Safeway","uc eggs large",2025-10-07,2.89
"Safeway","uc eggs large",2025-11-18,2.99
"Safeway","dove men body wash",2025-03-11,6.99
"Safeway","dove men body wash",2025-10-07,11.99
"Safeway","wt 17 |b /ib",2025-10-07,1.69
"Safeway","baby grn zucchini",2025-10-07,2.64
"Safeway","core pwr 26g choc",2025-12-10,4.99
"Safeway","core pwr 26g choc",2025-12-11,4.99
"Safeway","nt 04 1b fib",2025-12-10,1.49
"RedApple","os usd",2025-11-24,21.97
"RedApple","oatly oat milk origi",2025-11-24,6.79
"SafewayTwo","spincach herb wrap",2025-06-24,56.79
"SafewayTwo","g mucus relief",2025-06-24,12.99
"SafewayTwo","sig acid reducer",2025-06-24,11.49
"Safeway","bananas green a)",2025-04-01,1.24
"SafewayTwo","bananas green a)",2025-06-24,1.01
"Safeway","bananas green a)",2025-07-14,1.81
"Safeway","bananas green a)",2025-09-03,1.19
"SafewayTwo","grmt crin itln sea",2025-06-24,2.99
"Safeway","rosarita refried",2025-04-01,1.99
"Safeway","rosarita refried",2025-12-16,2.49
"Safeway","sig berry hix",2025-04-01,4.49
"Safeway","jd bcn/egg/chse",2025-04-01,10.49
"Safeway","orgnc mixed beri",2025-04-01,13.99
"Safeway","benefiber chews",2025-04-01,30.99
"Safeway","onions ylw sweet 25202 -",2025-04-01,2.29
"Safeway","baby spinach",2025-04-01,9.99
"Safeway","hunts tomatoes ee ode",2025-12-11,1.67
"Safeway","widrnss pie fillng",2025-12-11,8.58
"Safeway","raos tomato basil",2025-12-11,9.99
"Safeway","plsbry cinn rolls",2025-12-11,13.98
"Safeway","plsbry flaky bsct",2025-12-11,4.49
"Safeway","lediidbr409csw",2025-12-11,12.49
"Safeway","lean grnd beef edge",2025-12-11,2.97
"Safeway","hediterranean chop gdu",2025-12-11,4.99
"Safeway","yellow onions",2025-08-06,0.93
"Safeway","yellow onions",2025-12-11,1.49
"Safeway","cmpbl ch/dum18 82 | <",2022-05-22,2.69
"Safeway","reaular pric-",2022-05-22,2.99
"Safeway","chunky chkn chipol ¢",2022-05-22,2.69
"Safeway","regular price",2022-05-22,2.99
"Safeway","regular price",2022-05-22,3.99
"Safeway","plsbry reeses",2022-05-22,4.19
"Safeway","luc eggs large aa",2022-05-22,2.79
"Safeway","luc eggs large aa",2025-08-20,4.49
"Safeway","se lucerne milk 2 rf",2022-05-22,3.69
"Safeway","sig red potatoes",2022-05-22,3.99
"Safeway","ng green leaf lettuce",2022-05-22,1.99
"Safeway","ng green leaf lettuce",2025-07-14,2.49
"Safeway","peppers bell green",2022-05-22,2.5
"Safeway","peppers bell green",2025-11-18,1.98
"Safeway","garlic bulk",2022-05-22,0.89
"Safeway","t bananas green",2022-05-22,0.72
"Safeway","t bananas green",2025-03-11,1.45
"Safeway","t bananas green",2025-11-18,1.87
"Safeway","sprout bean poly",2022-05-22,2.99
"Safeway","ls wt vine ripe tomatoes",2022-05-22,3.5
"Safeway","o org salad 50/50 |",2022-05-22,3.79
"Safeway","mr 2 qty rcycble",2022-05-22,0.16
"Safeway","hvr orig ranch dr sey gas",2025-09-24,3.79
"Safeway","sig ibuprofen tabs",2025-09-24,17.59
"Safeway","werber savings ~",2025-09-24,4.4
"Safeway","werber savings ~",2025-11-28,4.95
"Safeway","ff chkn strp crspy",2025-09-24,10.99
"Safeway","no cherub tomatoes",2025-09-24,4.49
"AceHardware","ea ea",2025-11-29,79.99
"AceHardware","x71534 | ea",2025-11-29,11.98
"AceHardware","holiday snowman orn astd",2025-11-29,11.98
"AceHardware","x71195 1 ea",2025-11-29,18.98
"AceHardware","snowy day critter orn astd",2025-11-29,18.98
"AceHardware","bc amt",2025-11-29,122.43
"AceHardware","auth =—-01026d amt",2025-11-29,122.43
"Safeway","hotts no sgr cinn 2995 fee",2025-11-18,3.79
"Safeway","gh cheerios 5",2025-11-18,4.29
"Safeway","sig corn whole ker 1005 ges",2025-11-18,1.49
"Safeway","hunts tomatoes 1675 fae",2025-11-18,2.29
"Safeway","kellogg’s cracklin 5",2025-03-06,8.49
"Safeway","kellogg’s cracklin 5",2025-08-06,8.49
"Safeway","kellogg’s cracklin 5",2025-10-20,8.49
"Safeway","kellogg’s cracklin 5",2025-11-05,8.49
"Safeway","kellogg’s cracklin 5",2025-11-18,8.49
"Safeway","hission street tac 5",2025-11-18,3.49
"Safeway","pillsbury ready 3999 fie",2025-11-18,4.49
"Safeway","lean grnd beef 10975",2025-11-18,12.8
"Safeway","classico",2025-11-05,5.49
"Safeway","g berry mix",2025-08-26,4.79
"Safeway","g berry mix",2025-11-05,4.79
"Safeway","org egg hard ckd =",2025-11-05,5.79
"Safeway","aa it te buff rnch salad",2025-11-05,4.99
"Safeway","sig chicken broth",2025-12-16,2.49
"Safeway","werber savings -",2025-12-16,0.62
"Safeway","eeay go neck squash",2025-12-16,1.02
"Costco","ks frn vodka",2025-10-26,23.49
"Costco","liquor liter",2025-10-26,6.6
"Costco","liquor liter",2025-10-26,6.6
"Costco","org chx appl",2025-10-26,16.49
"Costco","ks spice rum",2025-10-26,20.99
"Costco","see ks guac sngl",2025-10-26,13.99
"Costco","ks clusters",2025-04-22,9.89
"Costco","ks clusters",2025-10-26,10.69
"Costco","ks s'mores",2025-10-26,10.99
"Costco","pork “shumai",2025-10-26,12.99
"Costco","cracker coll",2025-10-26,12.89
"Costco","senso adv wi",2025-10-26,29.99
"Costco","e 412177 shepherdspie",2025-10-26,21.88
"Costco","cookies 24ct",2025-10-26,9.99
"Costco","ks choc bag",2025-10-26,23.99
"Costco","bodhizafa",2025-10-26,11.39
"Costco","johnny utah",2025-10-26,10.89
"Costco","org rf bean",2025-04-22,11.99
"Costco","org rf bean",2025-10-26,11.79
"Costco","topokki",2025-10-26,6.29
"Costco","biobag 3 gal",2025-10-26,10.99
"Safeway","sesh aia is member savings -",2025-05-05,0.97
"Safeway","ss ( sig triple berry",2025-05-05,14.99
"Safeway","see = jimmy dean delight",2025-05-05,9.49
"Safeway","poe 125 00 baby spinach",2025-05-05,5.0
"Safeway","kees member savings -",2025-05-05,1.8
"Safeway","menber savings",2025-09-03,70.49
"Safeway","pillsbury original",2025-08-26,4.79
"Safeway","pillsbury original",2025-09-03,4.79
"Safeway","pb toaster strudel",2025-09-03,4.79
"Safeway","softsoap refill",2025-09-03,9.99
"Safeway","sig clsc mac salad",2025-09-03,4.49
"Costco","e 1939916 lacroix wntr a",2025-08-16,8.99
"Costco","e 1532150 lacroix bbg",2025-08-16,8.99
"Costco","e 1826040 chi forest ",2025-08-16,17.99
"Costco","charmin®",2025-08-16,30.89
"Costco","e 1939979 celsius vibe a",2025-08-16,23.99
"Costco","ks guac alt",2025-08-16,13.99
"Costco","e 1010598 ks 3 berry",2025-08-16,10.89
"Costco","e 1748763 ks brkfstsnd",2025-08-16,16.49
"Costco","e 1782177 ks chkn fill",2025-08-16,13.99
"Costco","e 30669 bananas",2025-08-16,1.99
"Costco","amount 4 f w dt ac",2025-08-16,194.09
"Safeway","hunts manwich sce",2025-10-20,4.0
"Safeway","kllgg orig froot",2025-10-20,6.49
"Safeway","potato buns 8 =",2025-10-20,44.49
"TraderJoes","vinegar red wine organic",2025-04-08,1.99
"TraderJoes","pasta pappardelle urgant",2025-04-08,3.49
"TraderJoes","pet lte carrots many colo",2025-04-08,4.29
"TraderJoes","a-onions jumbo yellow",2025-04-08,0.99
"TraderJoes","potato gag teeny tiny",2025-04-08,2.29
"TraderJoes","otal purchase",2025-04-08,13.54
"Safeway","ylasic kosher dill",2025-07-14,4.49
"Safeway","sig hamburger buns",2025-07-14,3.69
"Safeway","franz brd big whte",2025-07-14,4.78
"Safeway","sig beef patty",2025-07-14,17.99
"Safeway","avocados hass xlrg",2025-07-14,4.49
"Safeway","nore 2 rcvcble bag charge",2025-07-14,0.2
"Costco","calrose rice",2025-04-22,13.79
"Costco","lacroin bbg",2025-04-22,8.99
"Costco","lacroix wntr",2025-04-22,8.99
"Costco","lacroix wntr",2025-04-22,8.99
"Costco","lacroix wntr",2025-04-22,8.99
"Costco","dm grn bean",2025-04-22,10.99
"Costco","solely jerky",2025-04-22,16.99
"Costco","ef 1831841 goodlespack",2025-04-22,15.99
"Costco","e 162274 chunk lttuna",2025-04-22,15.29
"Costco","ks 3 berry",2025-04-22,10.89
"Costco","z 190460'3 abibeyepatch",2025-04-22,25.99
"Costco","japchae",2025-04-22,13.99
"Costco","pringles vty",2025-04-22,20.99
"Costco","cc 2()215'5 spam lo-salt",2025-04-22,24.29
"Safeway","sig green peas",2025-03-11,1.0
"Safeway","sy henber savings -",2025-03-11,0.8
"Safeway","swnsn nat goodness",2025-03-11,3.79
"Safeway","p rolls",2025-03-11,3.79
"Safeway","ss — 8uc eggs large a",2025-03-11,6.99
"Safeway","darigold 2 hilk 5 [im",2025-03-11,10.98
"Safeway","b 4677 anaheim peppers",2025-03-11,1.79
"Safeway","bt 06 ib /ib",2025-03-11,2.99
"Safeway","sut ib /ib",2025-03-11,2.49
"Safeway","sut ib /ib",2025-08-26,1.29
"Safeway","wt 21 lb /ib",2025-03-11,0.69
"Safeway","cmpbl ff crh mshrm",2025-08-26,4.98
"Safeway","every thing salad",2025-08-26,4.99
"Safeway","broccoli crowns",2025-08-26,1.57
"RedApple","ss mm gly 0o  = — a",2025-06-19,1.09
"Safeway","sicilia lemon",2025-11-28,1.49
"Safeway","navel oranges",2025-11-28,2.07
"Safeway","nt ) i 1b /\b",2025-11-28,2.49
"Safeway","sig berry",2025-08-06,4.79
"Safeway","planet oat unsw",2025-08-06,3.99
"Safeway","hemplers grnd pork 6 99ie",2025-03-13,6.49
"","frch fried onion qa f ",,3.99
"","u qfc savings ",,1.5
"","ib  ",,2.59
"","oatly milk oa f ",,864.99
"","c qc savings | ",,1.5
"","tyer salad kit f =",,4.99
"","tyer salad kit f =",,4.99
"","wt dole bananas f -",,1.94
"","fleischmanns yeastqa f",,1.69
"","sc ofc savings",,1.3
"","kro bcn egg chs cr °f ‘",,12.99
"","grnd beef cr 3qa",,17.97
"Safeway","sig frt antox blnd",2025-03-06,8.99
"Safeway","breakfast burrito sh ogg",2025-03-06,3.99
"Mekong","pearlriv dark soy sauce 169",2025-03-12,3.49
"Mekong","jbasket sanuki udon 5x 0",2025-03-12,5.49
"Mekong","ajishima seto fumi furikake",2025-03-12,3.59
"Mekong","thanhson son fried tofu 12 0",2025-03-12,3.79
"Mekong","formosa pork sung red 4 oz 3=",2025-03-12,4.29
"Mekong","erawan glut rice flour 1 lb",2025-03-12,1.39
"Mekong","bag fee",2025-03-12,0.08
"Mekong","net saies",2025-03-12,25.63
"Mekong","hash sales",2025-03-12,0.08
